date,actual_occupancy,total_capacity
2026-03-01,391,500
2026-03-02,398,500
2026-03-03,407,500
2026-03-04,405,500
2026-03-05,377,500
2026-03-06,367,500
2026-03-07,383,500
2026-03-08,387,500
2026-03-09,387,500
2026-03-10,396,500
2026-03-11,379,500
2026-03-12,364,500
2026-03-13,361,500
2026-03-14,346,500
2026-03-15,359,500
2026-03-16,379,500
2026-03-17,379,500
2026-03-18,382,500
2026-03-19,360,500
2026-03-20,349,500
2026-03-21,376,500
2026-03-22,376,500
2026-03-23,392,500
2026-03-24,385,500
2026-03-25,385,500
2026-03-26,379,500
2026-03-27,362,500
2026-03-28,379,500
2026-03-29,383,500
2026-03-30,398,500
2026-03-31,399,500
2026-04-01,410,500
2026-04-02,382,500
2026-04-03,365,500
2026-04-04,381,500
2026-04-05,375,500
2026-04-06,397,500
2026-04-07,381,500
2026-04-08,376,500
2026-04-09,374,500
2026-04-10,369,500
2026-04-11,366,500
2026-04-12,374,500
2026-04-13,384,500
2026-04-14,377,500
2026-04-15,374,500
2026-04-16,364,500
2026-04-17,368,500
2026-04-18,366,500
2026-04-19,362,500
2026-04-20,392,500
2026-04-21,391,500
2026-04-22,382,500
2026-04-23,381,500
2026-04-24,378,500
2026-04-25,382,500
2026-04-26,381,500
2026-04-27,398,500
2026-04-28,407,500
2026-04-29,405,500
2026-04-30,380,500
2026-05-01,374,500
2026-05-02,369,500
2026-05-03,380,500
2026-05-04,406,500
2026-05-05,412,500
2026-05-06,391,500
2026-05-07,385,500
2026-05-08,370,500
2026-05-09,364,500
2026-05-10,382,500
2026-05-11,402,500
2026-05-12,391,500
2026-05-13,395,500
2026-05-14,348,500
2026-05-15,367,500
2026-05-16,364,500
2026-05-17,374,500
2026-05-18,389,500
2026-05-19,377,500
2026-05-20,384,500
2026-05-21,377,500
2026-05-22,380,500
2026-05-23,369,500
2026-05-24,380,500
2026-05-25,395,500
2026-05-26,411,500
2026-05-27,399,500
2026-05-28,380,500
2026-05-29,381,500
2026-05-30,381,500
2026-05-31,400,500
2026-06-01,398,500
2026-06-02,403,500
2026-06-03,393,500
2026-06-04,370,500
2026-06-05,375,500
2026-06-06,376,500
2026-06-07,384,500
2026-06-08,392,500
2026-06-09,384,500
2026-06-10,382,500
2026-06-11,369,500
2026-06-12,356,500
2026-06-13,364,500
2026-06-14,380,500
2026-06-15,404,500
2026-06-16,394,500
2026-06-17,387,500
2026-06-18,372,500
2026-06-19,351,500
2026-06-20,371,500
2026-06-21,385,500
2026-06-22,417,500
2026-06-23,401,500
2026-06-24,398,500
2026-06-25,384,500
2026-06-26,368,500
2026-06-27,390,500
2026-06-28,399,500
2026-06-29,412,500
2026-06-30,401,500
2026-07-01,411,500
2026-07-02,374,500
2026-07-03,381,500
2026-07-04,396,500
2026-07-05,380,500
2026-07-06,394,500
2026-07-07,400,500
2026-07-08,386,500
2026-07-09,363,500
2026-07-10,367,500
2026-07-11,359,500
2026-07-12,383,500
2026-07-13,383,500
2026-07-14,405,500
2026-07-15,379,500
2026-07-16,370,500
2026-07-17,372,500
2026-07-18,360,500
2026-07-19,384,500
2026-07-20,406,500
2026-07-21,388,500
2026-07-22,395,500
2026-07-23,385,500
2026-07-24,382,500
2026-07-25,371,500
2026-07-26,383,500
2026-07-27,410,500
2026-07-28,412,500
2026-07-29,404,500
2026-07-30,391,500
2026-07-31,374,500
2026-08-01,384,500
2026-08-02,395,500
2026-08-03,397,500
2026-08-04,419,500
2026-08-05,398,500
2026-08-06,371,500
2026-08-07,376,500
2026-08-08,364,500
2026-08-09,388,500
2026-08-10,402,500
2026-08-11,388,500
2026-08-12,394,500
2026-08-13,377,500
2026-08-14,372,500
2026-08-15,384,500
2026-08-16,379,500
2026-08-17,388,500
2026-08-18,392,500
2026-08-19,386,500
2026-08-20,380,500
2026-08-21,377,500
2026-08-22,381,500
2026-08-23,399,500
2026-08-24,405,500
2026-08-25,421,500
2026-08-26,400,500
2026-08-27,412,500
